Ref,Val,Package,PosX,PosY,Rot,Side
"C1","100n","C_0805_2012Metric",157.100000,-76.057500,0.000000,top
"C2","4u7","C_0805_2012Metric",157.050000,-73.857500,0.000000,top
"C3","33n","C_0805_2012Metric",160.400000,-71.157500,-90.000000,top
"C4","33n","C_0805_2012Metric",162.450000,-83.800000,-90.000000,top
"C5","33n","C_0805_2012Metric",163.100000,-70.957500,-90.000000,top
"C6","33n","C_0805_2012Metric",167.100000,-84.350000,-90.000000,top
"C7","10u","C_0805_2012Metric",198.585000,-79.725000,-90.000000,top
"C8","10u","C_0805_2012Metric",198.670000,-67.750000,90.000000,top
"C9","1n","C_0805_2012Metric",193.885000,-83.675000,-90.000000,top
"C10","1n","C_0805_2012Metric",193.570000,-71.500000,-90.000000,top
"C11","1u","C_0805_2012Metric",194.250000,-74.550000,180.000000,top
"C12","1u","C_0805_2012Metric",200.885000,-79.725000,90.000000,top
"C13","4u7","C_0805_2012Metric",177.105000,-96.761000,0.000000,top
"C14","1u","C_0805_2012Metric",180.455000,-89.689000,-90.000000,top
"C15","10u","C_0805_2012Metric",179.550000,-85.650000,0.000000,top
"C16","100n","C_0805_2012Metric",173.600000,-78.850000,180.000000,top
"C17","4u7","C_0805_2012Metric",173.700000,-81.100000,180.000000,top
"C18","1n","C_0805_2012Metric",118.700000,-64.545000,-90.000000,top
"C19","1u","C_0805_2012Metric",175.550000,-85.700000,180.000000,top
"C20","1u","C_0805_2012Metric",118.250000,-55.700000,90.000000,top
"C21","100n","C_0805_2012Metric",117.672500,-60.550000,-90.000000,top
"C22","1n","C_0805_2012Metric",115.650000,-55.800000,90.000000,top
"C23","1n","C_0805_2012Metric",114.822500,-60.655000,-90.000000,top
"C24","100n","C_0805_2012Metric",135.150000,-57.345000,0.000000,top
"C25","100n","C_0805_2012Metric",133.650000,-52.945000,90.000000,top
"C26","1u","C_0805_2012Metric",135.050000,-59.595000,0.000000,top
"C27","1n","C_0805_2012Metric",138.600000,-61.450000,0.000000,top
"C28","4n7","C_0805_2012Metric",131.750000,-96.700000,-90.000000,top
"C29","100n","C_0805_2012Metric",132.100000,-92.550000,0.000000,top
"C30","10n","C_0805_2012Metric",188.200000,-111.855000,90.000000,top
"C31","100n","C_0805_2012Metric",213.325000,-85.050000,0.000000,top
"C32","100n","C_0805_2012Metric",217.496500,-75.963000,0.000000,top
"C33","47u","CP_Elec_6.3x5.8_custom",206.950000,-117.900000,-90.000000,top
"C34","1u","C_0805_2012Metric",208.050000,-110.500000,90.000000,top
"C35","100n","C_0805_2012Metric",210.850000,-110.500000,90.000000,top
"C36","1u","C_0805_2012Metric",217.750000,-108.000000,180.000000,top
"C37","100n","C_0805_2012Metric",217.650000,-105.650000,180.000000,top
"C38","4.7uF","C_0805_2012Metric",168.350000,-109.100000,90.000000,top
"C39","10u","C_0805_2012Metric",226.650000,-106.550000,0.000000,top
"D1","B340","D_SMC_custom",183.900000,-118.705000,-90.000000,top
"D2","SS34FA","SODFL3618X143Nschottky",154.950000,-115.055000,180.000000,top
"D3","SMBJ12A","DIOM4336X265N_tvs_custom",162.110000,-110.155000,0.000000,top
"D4","SML-D12FWT86","LED_0603_1608Metric_custom",175.200000,-112.150000,0.000000,top
"F1","4525holder & 0215001 fuse_catridge(installed)","FUSE_4525holder",80.350000,-67.450000,-90.000000,top
"F2","SMD100F-2018-2","SMD030F20182_polyfuse",150.600000,-119.955000,0.000000,top
"IC1","ADS8320EB_2K5","SOP65P490X110-8N_ADC_custom",198.400000,-83.600000,0.000000,top
"IC2","ADS8320EB_2K5","SOP65P490X110-8N_ADC_custom",198.250000,-71.575000,0.000000,top
"IC3","REF5050AIDR","SOIC127P600X175-8N_REF",176.350000,-91.550000,90.000000,top
"IC4","ACS724LLCTR-05AB-T","SOIC127P600X175-8N_acs",126.388000,-95.245000,0.000000,top
"IC5","SN74LVC2G17DBVR","SOT95P280X145-6N_buffer_a_b_custom",213.250000,-76.113000,0.000000,top
"IC6","SN74AHCT125RGYR","RGY-_S-PVQFN-N14_cs_clk_custom",213.175000,-81.350000,90.000000,top
"IC7","AP7375-50Y-13","AZ7042RTRG1_ldo5v",217.000000,-112.750000,180.000000,top
"IC8","AP7375-33W5-7","SOT95P285X140-5N_ldo3.3v_custom",224.350000,-109.600000,0.000000,top
"J1","Conn_01x04(debugging)","PinHeader_1x04_P2.54mm_Vertical",232.700000,-94.350000,0.000000,top
"J2","1730395(ac_input)","PHOENIX_1730395_ac_load_con",59.550000,-63.510000,-90.000000,top
"J3","1730395(load)","PHOENIX_1730395_ac_load_con",59.990000,-90.992500,-90.000000,top
"J4","69168-112HLF","AMPHENOL_69168-112HLF_Odd_Even",230.320000,-81.320000,90.000000,top
"J5","XDJK-0051-025_barrel","DC-470-2.1GP_C194407_barrel_custom",137.850000,-111.787500,90.000000,top
"L1","744770168","Inductor_new_YJYCOIN_YSPI1040T_custom",197.250000,-115.400000,-90.000000,top
"R1","10k","R_0805_2012Metric",148.700000,-83.900000,0.000000,top
"R2","10k","R_0805_2012Metric",148.050000,-79.900000,-90.000000,top
"R3","10k","R_0805_2012Metric",153.900000,-72.400000,90.000000,top
"R4","10k","R_0805_2012Metric",149.850000,-76.057500,0.000000,top
"R5","30K","R_0805_2012Metric",158.900000,-80.357500,90.000000,top
"R6","10K","R_0805_2012Metric",164.750000,-82.050000,-90.000000,top
"R7","1k","R_0805_2012Metric",149.850000,-73.707500,180.000000,top
"R8","1k","R_0805_2012Metric",157.300000,-85.707500,-90.000000,top
"R9","1k","R_0805_2012Metric",149.200000,-70.057500,90.000000,top
"R10","1k","R_0805_2012Metric",159.550000,-85.807500,-90.000000,top
"R11","0.22","R_0805_2012Metric",196.185000,-79.775000,90.000000,top
"R12","0.22","R_0805_2012Metric",201.100000,-67.800000,90.000000,top
"R13","100","R_0805_2012Metric",191.585000,-83.725000,-90.000000,top
"R14","100","R_0805_2012Metric",193.420000,-67.650000,-90.000000,top
"R15","47","R_0805_2012Metric",203.697500,-84.075000,0.000000,top
"R16","47","R_0805_2012Metric",203.670000,-72.800000,0.000000,top
"R17","47","R_0805_2012Metric",203.735000,-86.325000,0.000000,top
"R18","47","R_0805_2012Metric",203.735000,-81.925000,0.000000,top
"R19","47","R_0805_2012Metric",203.620000,-75.050000,0.000000,top
"R20","47","R_0805_2012Metric",203.670000,-70.700000,0.000000,top
"R21","499k","R_0805_2012Metric",107.812500,-77.437500,0.000000,top
"R22","499k","R_0805_2012Metric",112.100000,-77.237500,0.000000,top
"R23","499k","R_0805_2012Metric",114.450000,-74.487500,0.000000,top
"R24","499k","R_0805_2012Metric",116.512500,-71.687500,0.000000,top
"R25","4k99","R_0805_2012Metric",115.500000,-68.245000,180.000000,top
"R26","10k","R_0805_2012Metric",179.537500,-83.272000,180.000000,top
"R27","1k","R_0805_2012Metric",114.800000,-64.795000,90.000000,top
"R28","10k","R_0805_2012Metric",175.600000,-83.300000,180.000000,top
"R29","47k","R_0805_2012Metric",139.250000,-54.600000,-90.000000,top
"R30","10k","R_0805_2012Metric",204.650000,-111.200000,0.000000,top
"R31","2k55","R_0805_2012Metric",204.550000,-108.750000,0.000000,top
"R32","2k2","R_0805_2012Metric",172.162500,-111.455000,-90.000000,top
"RV1","B72214P2271K101","B72214P2271K101MOVV",94.600000,-65.150000,-90.000000,top
"S1","L101011MS02Q","L101011MS02Q_pswitch",164.300000,-116.950000,0.000000,top
"U1","OPA2188AID","SOIC127P599X175-8Nopamp",153.400000,-80.057500,0.000000,top
"U2","OPA2188AID","SOIC127P599X175-8Nopamp",179.300000,-75.965000,180.000000,top
"U3","AMC3330","SOIC-16W_7.5x10.3mm_P1.27mm_custom",126.450000,-58.755000,0.000000,top
"U4","TPS5410DR","SOIC127P599X175-8Nbuck",182.500000,-109.755000,180.000000,top
